start,end,count
2.144.0.0,2.147.255.255,262144
2.176.0.0,2.191.255.255,1048576
5.22.0.0,5.22.127.255,32768
5.22.192.0,5.22.223.255,8192
5.23.112.0,5.23.119.255,2048
5.28.192.0,5.28.223.255,8192
5.34.192.0,5.34.223.255,8192
5.52.0.0,5.52.255.255,65536
5.53.32.0,5.53.63.255,8192
5.56.128.0,5.56.132.255,1280
5.56.134.0,5.56.135.255,512
5.57.32.0,5.57.39.255,2048
5.61.24.0,5.61.26.255,768
5.61.29.0,5.61.31.255,768
5.62.160.0,5.62.255.255,24576
5.63.8.0,5.63.15.255,2048
5.72.0.0,5.75.255.255,262144
5.78.0.0,5.78.255.255,65536
5.104.208.0,5.104.215.255,2048
5.106.0.0,5.106.255.255,65536
5.112.0.0,5.127.255.255,1048576
5.134.128.0,5.134.199.255,18432
5.144.128.0,5.144.135.255,2048
5.145.112.0,5.145.119.255,2048
5.159.48.0,5.159.55.255,2048
5.160.0.0,5.161.255.255,131072
5.190.0.0,5.190.122.255,31488
5.190.124.0,5.190.255.255,33792
5.198.160.0,5.198.191.255,8192
5.200.64.0,5.200.255.255,49152
5.201.128.0,5.202.255.255,98304
5.208.0.0,5.223.255.255,1048576
5.226.48.0,5.226.55.255,2048
5.232.0.0,5.239.255.255,524288
5.250.0.0,5.250.127.255,32768
31.2.128.0,31.2.255.255,32768
31.7.64.0,31.7.143.255,20480
31.14.80.0,31.14.95.255,4096
31.14.112.0,31.14.127.255,4096
31.14.144.0,31.14.159.255,4096
31.24.204.0,31.24.207.255,1024
31.24.232.0,31.24.239.255,2048
31.25.88.0,31.25.95.255,2048
31.25.104.0,31.25.111.255,2048
31.25.128.0,31.25.135.255,2048
31.25.232.0,31.25.239.255,2048
31.29.32.0,31.29.63.255,8192
31.40.0.0,31.40.7.255,2048
31.47.32.0,31.47.53.23,5400
31.47.53.28,31.47.61.19,2040
31.47.61.24,31.47.63.255,744
31.56.0.0,31.59.255.255,262144
31.130.176.0,31.130.191.255,4096
31.170.48.0,31.170.63.255,4096
31.171.216.0,31.171.223.255,2048
31.184.128.0,31.184.191.255,16384
31.193.112.0,31.193.119.255,2048
31.193.144.0,31.193.159.255,4096
31.217.208.0,31.217.215.255,2048
37.9.248.0,37.9.255.255,2048
37.10.64.0,37.10.67.255,1024
37.19.80.0,37.19.95.255,4096
37.27.0.0,37.27.255.255,65536
37.32.0.0,37.32.47.255,12288
37.32.112.0,37.32.127.255,4096
37.44.56.0,37.44.63.255,2048
37.49.144.0,37.49.151.255,2048
37.63.128.0,37.63.255.255,32768
37.75.240.0,37.75.247.255,2048
37.98.0.0,37.98.127.255,32768
37.114.192.0,37.114.255.255,16384
37.128.240.0,37.129.255.255,69632
37.130.200.0,37.130.207.255,2048
37.137.0.0,37.137.255.255,65536
37.143.144.0,37.143.151.255,2048
37.148.0.0,37.148.127.255,32768
37.148.248.0,37.148.251.255,1024
37.152.160.0,37.152.191.255,8192
37.153.128.0,37.153.131.255,1024
37.153.176.0,37.153.191.255,4096
37.156.0.0,37.156.3.255,1024
37.156.8.0,37.156.31.255,6144
37.156.48.0,37.156.63.255,4096
37.156.100.0,37.156.103.255,1024
37.156.112.0,37.156.147.255,9216
37.156.152.0,37.156.167.255,4096
37.156.176.0,37.156.179.255,1024
37.156.212.0,37.156.215.255,1024
37.156.232.0,37.156.243.255,3072
37.156.248.0,37.156.251.255,1024
37.191.64.0,37.191.95.255,8192
37.202.128.0,37.202.255.255,32768
37.221.0.0,37.221.63.255,16384
37.228.131.0,37.228.131.255,256
37.228.133.0,37.228.133.255,256
37.228.135.0,37.228.139.255,1280
37.235.16.0,37.235.31.255,4096
37.254.0.0,37.255.186.255,113408
37.255.187.32,37.255.255.255,17632
46.18.248.0,46.18.255.255,2048
46.21.80.0,46.21.95.255,4096
46.28.72.0,46.28.74.255,768
46.32.0.0,46.32.31.255,8192
46.34.96.0,46.34.127.255,8192
46.34.160.0,46.34.191.255,8192
46.36.96.0,46.36.112.255,4352
46.36.116.0,46.36.117.255,512
46.38.128.0,46.38.147.255,5120
46.38.156.0,46.38.159.255,1024
46.41.192.0,46.41.255.255,16384
46.51.0.0,46.51.127.255,32768
46.62.128.0,46.62.255.255,32768
46.100.0.0,46.100.255.255,65536
46.102.120.0,46.102.143.255,6144
46.102.184.0,46.102.187.255,1024
46.143.0.0,46.143.255.255,65536
46.148.32.0,46.148.47.255,4096
46.164.64.0,46.164.127.255,16384
46.167.128.0,46.167.159.255,8192
46.182.32.0,46.182.39.255,2048
46.209.0.0,46.209.255.255,65536
46.224.0.0,46.225.255.255,131072
46.235.76.0,46.235.77.255,512
46.245.0.0,46.245.127.255,32768
46.248.32.0,46.248.63.255,8192
46.249.96.0,46.249.96.255,256
46.249.98.0,46.249.98.255,256
46.249.120.0,46.249.127.255,2048
46.255.216.0,46.255.223.255,2048
57.88.80.0,57.88.95.255,4096
62.32.49.128,62.32.49.231,104
62.32.49.240,62.32.50.255,272
62.32.53.64,62.32.53.127,64
62.32.53.168,62.32.53.175,8
62.32.53.224,62.32.53.239,16
62.32.61.96,62.32.61.127,32
62.32.61.224,62.32.61.255,32
62.32.63.128,62.32.63.191,64
62.60.128.0,62.60.151.255,6144
62.60.192.0,62.60.199.255,2048
62.60.224.0,62.60.255.255,8192
62.102.128.0,62.102.143.255,4096
62.193.0.0,62.193.31.255,8192
62.220.96.0,62.220.127.255,8192
63.243.185.0,63.243.185.255,256
64.214.116.16,64.214.116.16,1
66.79.96.0,66.79.127.255,8192
67.16.178.147,67.16.178.150,4
77.36.128.0,77.36.255.255,32768
77.37.112.0,77.37.127.255,4096
77.42.0.0,77.42.127.255,32768
77.77.64.0,77.77.127.255,16384
77.81.32.0,77.81.47.255,4096
77.81.76.0,77.81.83.255,2048
77.81.128.0,77.81.135.255,2048
77.81.144.0,77.81.159.255,4096
77.81.192.0,77.81.223.255,8192
77.95.220.0,77.95.220.255,256
77.104.64.0,77.104.127.255,16384
77.237.64.0,77.237.95.255,8192
77.237.160.0,77.237.191.255,8192
77.238.104.0,77.238.127.255,6144
77.245.224.0,77.245.239.255,4096
78.31.232.0,78.31.235.255,1024
78.38.0.0,78.39.255.255,131072
78.109.192.0,78.109.207.255,4096
78.110.112.0,78.110.127.255,4096
78.111.0.0,78.111.15.255,4096
78.154.32.0,78.154.63.255,8192
78.157.32.0,78.157.63.255,8192
78.158.160.0,78.158.191.255,8192
79.127.0.0,79.127.127.255,32768
79.132.192.0,79.132.223.255,8192
79.143.84.0,79.143.86.255,768
79.174.160.0,79.174.167.255,2048
79.175.128.0,79.175.167.133,10118
79.175.167.144,79.175.191.255,6256
80.66.176.0,80.66.191.255,4096
80.71.112.0,80.71.127.255,4096
80.75.0.0,80.75.15.255,4096
80.191.0.0,80.191.255.255,65536
80.210.0.0,80.210.63.255,16384
80.210.128.0,80.210.255.255,32768
80.242.0.0,80.242.15.255,4096
80.249.112.0,80.249.115.255,1024
80.250.192.0,80.250.207.255,4096
80.253.128.0,80.253.159.255,8192
81.12.0.0,81.12.127.255,32768
81.16.112.0,81.16.127.255,4096
81.28.32.0,81.28.63.255,8192
81.29.240.0,81.29.255.255,4096
81.31.160.0,81.31.191.255,8192
81.31.224.0,81.31.255.255,8192
81.90.144.0,81.90.159.255,4096
81.91.128.0,81.91.159.255,8192
81.92.216.0,81.92.216.255,256
81.163.0.0,81.163.7.255,2048
82.97.224.0,82.97.229.63,1344
82.97.229.80,82.97.255.255,6832
82.99.192.0,82.99.255.255,16384
82.115.0.0,82.115.14.255,3840
82.115.16.0,82.115.31.255,4096
82.138.140.0,82.138.140.127,128
83.120.0.0,83.123.255.255,262144
83.147.192.0,83.147.199.255,2048
83.147.212.0,83.147.223.255,3072
83.147.232.0,83.147.255.255,6144
83.150.192.0,83.150.195.255,1024
84.17.168.32,84.17.168.63,32
84.47.192.0,84.47.255.255,16384
84.241.0.0,84.241.63.255,16384
85.9.64.0,85.9.127.255,16384
85.15.0.0,85.15.63.255,16384
85.33.41.120,85.33.41.127,8
85.133.128.0,85.133.255.255,32768
85.185.0.0,85.185.255.255,65536
85.198.0.0,85.198.63.255,16384
85.204.30.0,85.204.31.255,512
85.204.76.0,85.204.77.255,512
85.204.80.0,85.204.95.255,4096
85.204.104.0,85.204.105.255,512
85.204.128.0,85.204.131.255,1024
85.204.208.0,85.204.223.255,4096
85.239.192.0,85.239.223.255,8192
86.55.0.0,86.55.255.255,65536
86.57.0.0,86.57.127.255,32768
86.104.32.0,86.104.47.255,4096
86.104.80.0,86.104.111.255,8192
86.104.232.0,86.104.247.255,4096
86.105.40.0,86.105.47.255,2048
86.105.128.0,86.105.143.255,4096
86.106.24.0,86.106.25.255,512
86.106.142.0,86.106.142.255,256
86.106.192.0,86.106.199.255,2048
86.107.0.0,86.107.15.255,4096
86.107.80.0,86.107.95.255,4096
86.107.144.0,86.107.159.255,4096
86.107.172.0,86.107.175.255,1024
86.107.208.0,86.107.223.255,4096
86.109.32.0,86.109.63.255,8192
87.107.0.0,87.107.255.255,65536
87.236.211.0,87.236.211.255,256
87.236.213.0,87.236.214.255,512
87.247.160.0,87.247.191.255,8192
87.248.128.0,87.248.158.255,7936
87.251.128.0,87.251.159.255,8192
88.131.155.18,88.131.155.18,1
88.131.195.45,88.131.195.48,4
88.131.240.122,88.131.240.122,1
88.131.240.125,88.131.240.125,1
88.131.244.10,88.131.244.10,1
88.135.32.0,88.135.47.255,4096
89.32.0.0,89.32.31.255,8192
89.32.96.0,89.32.111.255,4096
89.32.196.0,89.32.197.255,512
89.32.248.0,89.32.251.255,1024
89.33.18.0,89.33.19.255,512
89.33.100.0,89.33.103.255,1024
89.33.128.0,89.33.129.255,512
89.33.204.0,89.33.205.255,512
89.33.234.0,89.33.235.255,512
89.33.240.0,89.33.241.255,512
89.34.20.0,89.34.21.255,512
89.34.32.0,89.34.63.255,8192
89.34.88.0,89.34.89.255,512
89.34.94.0,89.34.95.255,512
89.34.128.0,89.34.159.255,8192
89.34.168.0,89.34.169.255,512
89.34.176.0,89.34.177.255,512
89.34.200.0,89.34.201.255,512
89.34.248.0,89.34.255.255,2048
89.35.58.0,89.35.59.255,512
89.35.64.0,89.35.71.255,2048
89.35.120.0,89.35.123.255,1024
89.35.132.0,89.35.133.255,512
89.35.156.0,89.35.157.255,512
89.35.176.0,89.35.177.255,512
89.35.180.0,89.35.183.255,1024
89.35.194.0,89.35.195.255,512
89.36.16.0,89.36.17.255,512
89.36.48.0,89.36.63.255,4096
89.36.96.0,89.36.111.255,4096
89.36.176.0,89.36.191.255,4096
89.36.194.0,89.36.195.255,512
89.36.226.0,89.36.227.255,512
89.36.252.0,89.36.253.255,512
89.37.0.0,89.37.15.255,4096
89.37.30.0,89.37.31.255,512
89.37.42.0,89.37.43.255,512
89.37.102.0,89.37.103.255,512
89.37.144.0,89.37.155.255,3072
89.37.168.0,89.37.171.255,1024
89.37.198.0,89.37.199.255,512
89.37.208.0,89.37.211.255,1024
89.37.218.0,89.37.219.255,512
89.37.240.0,89.37.255.255,4096
89.38.24.0,89.38.25.255,512
89.38.80.0,89.38.95.255,4096
89.38.102.0,89.38.103.255,512
89.38.184.0,89.38.199.255,4096
89.38.212.0,89.38.215.255,1024
89.38.242.0,89.38.247.255,1536
89.39.8.0,89.39.11.255,1024
89.39.186.0,89.39.187.255,512
89.39.208.0,89.39.208.255,256
89.40.38.0,89.40.39.255,512
89.40.78.0,89.40.79.255,512
89.40.90.0,89.40.91.255,512
89.40.106.0,89.40.107.255,512
89.40.110.0,89.40.111.255,512
89.40.128.0,89.40.129.255,512
89.40.152.0,89.40.159.255,2048
89.40.240.0,89.40.255.255,4096
89.41.8.0,89.41.23.255,4096
89.41.32.0,89.41.33.255,512
89.41.40.0,89.41.43.255,1024
89.41.58.0,89.41.59.255,512
89.41.184.0,89.41.187.255,1024
89.41.192.0,89.41.247.255,14336
89.42.32.0,89.42.33.255,512
89.42.44.0,89.42.47.255,1024
89.42.56.0,89.42.57.255,512
89.42.68.0,89.42.69.255,512
89.42.96.0,89.42.103.255,2048
89.42.136.0,89.42.139.255,1024
89.42.150.0,89.42.151.255,512
89.42.184.0,89.42.191.255,2048
89.42.196.0,89.42.199.255,1024
89.42.208.0,89.42.210.255,768
89.42.228.0,89.42.229.255,512
89.43.0.0,89.43.15.255,4096
89.43.36.0,89.43.37.255,512
89.43.70.0,89.43.71.255,512
89.43.88.0,89.43.103.255,4096
89.43.144.0,89.43.151.255,2048
89.43.182.0,89.43.183.255,512
89.43.188.0,89.43.189.255,512
89.43.204.0,89.43.205.255,512
89.43.216.0,89.43.231.255,4096
89.44.112.0,89.44.113.255,512
89.44.118.0,89.44.119.255,512
89.44.128.0,89.44.135.255,2048
89.44.146.0,89.44.147.255,512
89.44.176.0,89.44.183.255,2048
89.44.190.0,89.44.191.255,512
89.44.202.0,89.44.203.255,512
89.44.240.0,89.44.243.255,1024
89.45.48.0,89.45.63.255,4096
89.45.68.0,89.45.69.255,512
89.45.80.0,89.45.81.255,512
89.45.112.0,89.45.119.255,2048
89.45.126.0,89.45.127.255,512
89.45.152.0,89.45.159.255,2048
89.45.230.0,89.45.231.255,512
89.46.44.0,89.46.45.255,512
89.46.60.0,89.46.61.255,512
89.46.94.0,89.46.95.255,512
89.46.184.0,89.46.191.255,2048
89.46.216.0,89.46.219.255,1024
89.47.64.0,89.47.79.255,4096
89.47.128.0,89.47.159.255,8192
89.47.196.0,89.47.203.255,2048
89.144.128.0,89.144.191.255,16384
89.149.153.32,89.149.153.35,4
89.165.0.0,89.165.127.255,32768
89.184.192.0,89.184.223.255,8192
89.196.0.0,89.196.255.255,65536
89.198.0.0,89.199.255.255,131072
89.219.64.0,89.219.127.255,16384
89.219.192.0,89.219.255.255,16384
89.221.80.0,89.221.95.255,4096
89.235.64.0,89.235.127.255,16384
91.92.104.0,91.92.104.255,256
91.92.114.0,91.92.114.255,256
91.92.121.0,91.92.127.255,1792
91.92.129.0,91.92.135.255,1792
91.92.145.0,91.92.151.255,1792
91.92.172.0,91.92.172.255,256
91.92.180.0,91.92.181.255,512
91.92.184.0,91.92.193.255,2560
91.92.206.0,91.92.206.255,256
91.92.208.0,91.92.215.255,2048
91.92.231.0,91.92.231.255,256
91.98.0.0,91.99.255.255,131072
91.106.64.0,91.106.95.255,8192
91.107.128.0,91.107.255.255,32768
91.108.128.0,91.108.159.255,8192
91.108.194.0,91.108.197.255,1024
91.108.208.0,91.108.215.255,2048
91.109.104.0,91.109.111.255,2048
91.133.128.0,91.133.255.255,32768
91.147.64.0,91.147.79.255,4096
91.184.64.0,91.184.95.255,8192
91.185.128.0,91.185.159.255,8192
91.186.192.0,91.186.223.255,8192
91.190.88.0,91.190.95.255,2048
91.206.122.0,91.206.123.255,512
91.207.138.0,91.207.139.255,512
91.208.165.0,91.208.165.255,256
91.209.242.0,91.209.242.255,256
91.212.16.0,91.212.16.255,256
91.212.252.0,91.212.252.255,256
91.216.4.0,91.216.4.255,256
91.217.64.0,91.217.65.255,512
91.220.79.0,91.220.79.255,256
91.222.196.0,91.222.199.255,1024
91.222.204.0,91.222.207.255,1024
91.224.110.0,91.224.111.255,512
91.224.176.0,91.224.177.255,512
91.225.52.0,91.225.55.255,1024
91.226.224.0,91.226.225.255,512
91.227.84.0,91.227.87.255,1024
91.228.189.0,91.228.189.255,256
91.229.214.0,91.229.215.255,512
91.230.32.0,91.230.32.255,256
91.232.64.0,91.232.69.255,1536
91.232.72.0,91.232.75.255,1024
91.233.56.0,91.233.59.255,1024
91.236.168.0,91.236.169.255,512
91.237.254.0,91.238.0.255,768
91.239.14.0,91.239.14.255,256
91.239.54.0,91.239.55.255,512
91.239.108.0,91.239.111.255,1024
91.239.214.0,91.239.214.255,256
91.240.60.0,91.240.63.255,1024
91.240.180.0,91.240.183.255,1024
91.241.20.0,91.241.21.255,512
91.241.92.0,91.241.92.255,256
91.242.44.0,91.242.45.255,512
91.243.126.0,91.243.127.255,512
91.243.160.0,91.243.175.255,4096
91.244.120.0,91.244.123.255,1024
91.245.228.0,91.245.231.255,1024
91.247.66.0,91.247.67.255,512
91.250.224.0,91.250.239.255,4096
91.251.0.0,91.251.255.255,65536
92.42.48.0,92.42.55.255,2048
92.43.160.0,92.43.163.255,1024
92.50.0.0,92.50.63.255,16384
92.61.176.0,92.61.191.255,4096
92.114.16.0,92.114.31.255,4096
92.114.48.0,92.114.51.255,1024
92.114.64.0,92.114.79.255,4096
92.242.192.0,92.242.223.255,8192
92.246.144.0,92.246.147.255,1024
92.246.156.0,92.246.159.255,1024
92.249.56.0,92.249.59.255,1024
92.253.192.0,92.253.207.255,4096
93.88.64.0,93.88.73.255,2560
93.110.0.0,93.110.175.255,45056
93.110.192.0,93.110.255.255,16384
93.113.224.0,93.113.239.255,4096
93.114.16.0,93.114.31.255,4096
93.114.104.0,93.114.111.255,2048
93.115.120.0,93.115.127.255,2048
93.115.144.0,93.115.151.255,2048
93.115.216.0,93.115.239.255,6144
93.117.0.0,93.117.47.255,12288
93.117.96.0,93.117.127.255,8192
93.117.176.0,93.117.191.255,4096
93.118.96.0,93.118.175.255,20480
93.118.180.0,93.118.187.255,2048
93.119.32.0,93.119.95.255,16384
93.119.208.0,93.119.223.255,4096
93.126.0.0,93.126.63.255,16384
93.190.24.0,93.190.31.255,2048
94.24.0.0,94.24.23.255,6144
94.24.80.0,94.24.103.255,6144
94.74.128.0,94.74.191.255,16384
94.101.120.0,94.101.123.255,1024
94.101.128.0,94.101.143.255,4096
94.101.176.0,94.101.191.255,4096
94.101.240.0,94.101.255.255,4096
94.139.160.0,94.139.191.255,8192
94.176.8.0,94.176.39.255,8192
94.176.48.0,94.176.63.255,4096
94.176.80.0,94.176.95.255,4096
94.177.72.0,94.177.79.255,2048
94.182.0.0,94.184.255.255,196608
94.199.136.0,94.199.139.255,1024
94.232.168.0,94.232.175.255,2048
94.241.128.0,94.241.131.255,1024
94.241.136.0,94.241.191.255,14336
95.38.0.0,95.38.255.255,65536
95.64.0.0,95.64.127.255,32768
95.80.128.0,95.80.191.255,16384
95.81.64.0,95.81.127.255,16384
95.82.0.0,95.82.127.255,32768
95.130.56.0,95.130.63.255,2048
95.130.240.0,95.130.247.255,2048
95.142.224.0,95.142.239.255,4096
95.156.252.0,95.156.255.255,1024
95.162.0.0,95.162.255.255,65536
95.215.160.0,95.215.163.255,1024
95.215.173.0,95.215.173.255,256
103.215.220.0,103.215.223.255,1024
103.216.60.0,103.216.63.255,1024
103.231.136.0,103.231.139.255,1024
109.72.192.0,109.72.207.255,4096
109.74.224.0,109.74.239.255,4096
109.94.164.0,109.94.167.255,1024
109.95.56.0,109.95.71.255,4096
109.108.160.0,109.108.191.255,8192
109.109.32.0,109.109.63.255,8192
109.110.160.0,109.110.191.255,8192
109.111.32.0,109.111.35.255,1024
109.111.39.0,109.111.63.255,6400
109.122.192.0,109.122.255.255,16384
109.125.128.0,109.125.191.255,16384
109.162.128.0,109.162.255.255,32768
109.201.0.0,109.201.31.255,8192
109.203.128.0,109.203.191.255,16384
109.206.252.0,109.206.255.255,1024
109.225.128.0,109.225.191.255,16384
109.230.64.0,109.230.127.255,16384
109.232.0.0,109.232.7.255,2048
109.238.176.0,109.238.191.255,4096
109.239.0.0,109.239.15.255,4096
128.65.160.0,128.65.191.255,8192
128.140.0.0,128.140.127.255,32768
130.185.72.0,130.185.79.255,2048
130.244.41.211,130.244.41.211,1
130.244.71.67,130.244.71.67,1
130.244.71.72,130.244.71.74,3
130.244.71.80,130.244.71.81,2
130.255.192.0,130.255.255.255,16384
146.66.128.0,146.66.135.255,2048
151.232.0.0,151.235.255.255,262144
151.238.0.0,151.247.255.255,655360
157.119.100.0,157.119.103.255,1024
157.119.188.0,157.119.191.255,1024
158.58.0.0,158.58.127.255,32768
158.58.184.0,158.58.191.255,2048
159.20.96.0,159.20.111.255,4096
164.138.16.0,164.138.23.255,2048
164.138.128.0,164.138.191.255,16384
164.215.40.0,164.215.47.255,2048
164.215.56.0,164.215.63.255,2048
164.215.128.0,164.215.255.255,32768
176.12.64.0,176.12.79.255,4096
176.46.128.0,176.46.159.255,8192
176.56.144.0,176.56.159.255,4096
176.62.144.0,176.62.151.255,2048
176.65.160.0,176.65.255.255,24576
176.67.64.0,176.67.79.255,4096
176.101.32.0,176.101.55.255,6144
176.102.224.0,176.102.255.255,8192
176.110.108.0,176.110.111.255,1024
176.122.210.0,176.122.211.255,512
176.123.64.0,176.123.127.255,16384
176.124.64.0,176.124.67.255,1024
176.221.16.0,176.221.31.255,4096
176.221.64.0,176.221.71.255,2048
176.223.80.0,176.223.87.255,2048
178.21.40.0,178.21.47.255,2048
178.21.160.0,178.21.167.255,2048
178.22.72.0,178.22.77.255,1536
178.22.120.0,178.22.127.255,2048
178.131.0.0,178.131.255.255,65536
178.157.0.0,178.157.1.255,512
178.157.4.0,178.157.7.255,1024
178.169.0.0,178.169.31.255,8192
178.173.128.0,178.173.223.255,24576
178.215.0.0,178.215.63.255,16384
178.216.248.0,178.216.255.255,2048
178.219.224.0,178.219.239.255,4096
178.236.32.0,178.236.47.255,4096
178.236.96.0,178.236.111.255,4096
178.238.192.0,178.238.207.255,4096
178.239.144.0,178.239.159.255,4096
178.248.40.0,178.248.47.255,2048
178.251.208.0,178.251.215.255,2048
178.252.128.0,178.252.191.255,16384
178.253.0.0,178.253.63.255,16384
179.60.151.0,179.60.151.255,256
185.1.77.0,185.1.77.255,256
185.2.12.0,185.2.15.255,1024
185.3.124.0,185.3.127.255,1024
185.3.200.0,185.3.203.255,1024
185.3.212.0,185.3.215.255,1024
185.4.0.0,185.4.3.255,1024
185.4.16.0,185.4.19.255,1024
185.4.28.0,185.4.31.255,1024
185.4.104.0,185.4.107.255,1024
185.4.220.0,185.4.223.255,1024
185.5.156.0,185.5.159.255,1024
185.8.172.0,185.8.175.255,1024
185.10.71.0,185.10.75.255,1280
185.11.68.0,185.11.71.255,1024
185.11.88.0,185.11.91.255,1024
185.11.176.0,185.11.179.255,1024
185.12.60.0,185.12.63.255,1024
185.12.101.0,185.12.102.255,512
185.13.228.0,185.13.231.255,1024
185.14.80.0,185.14.83.255,1024
185.14.160.0,185.14.163.255,1024
185.16.232.0,185.16.235.255,1024
185.18.156.0,185.18.159.255,1024
185.18.212.0,185.18.215.255,1024
185.20.160.0,185.20.163.255,1024
185.21.68.0,185.21.71.255,1024
185.21.76.0,185.21.79.255,1024
185.22.28.0,185.22.31.255,1024
185.23.128.0,185.23.131.255,1024
185.24.136.0,185.24.139.255,1024
185.24.228.0,185.24.231.255,1024
185.24.252.0,185.24.255.255,1024
185.26.32.0,185.26.35.255,1024
185.26.232.0,185.26.235.255,1024
185.29.220.0,185.29.223.255,1024
185.30.4.0,185.30.7.255,1024
185.30.76.0,185.30.79.255,1024
185.31.124.0,185.31.127.255,1024
185.32.128.0,185.32.131.255,1024
185.34.160.0,185.34.163.255,1024
185.37.52.0,185.37.55.255,1024
185.39.180.0,185.39.183.255,1024
185.40.240.0,185.40.243.255,1024
185.41.0.0,185.41.3.255,1024
185.42.24.0,185.42.27.255,1024
185.42.212.0,185.42.215.255,1024
185.42.224.0,185.42.227.255,1024
185.44.36.0,185.44.39.255,1024
185.44.100.0,185.44.103.255,1024
185.44.112.0,185.44.115.255,1024
185.45.188.0,185.45.191.255,1024
185.46.0.0,185.46.3.255,1024
185.46.108.0,185.46.111.255,1024
185.46.216.0,185.46.219.255,1024
185.47.48.0,185.47.51.255,1024
185.49.84.0,185.49.87.255,1024
185.49.96.0,185.49.99.255,1024
185.49.104.0,185.49.107.255,1024
185.50.37.0,185.50.39.255,768
185.51.40.0,185.51.43.255,1024
185.51.200.0,185.51.203.255,1024
185.53.140.0,185.53.143.255,1024
185.55.224.0,185.55.227.255,1024
185.56.92.0,185.56.99.255,2048
185.57.132.0,185.57.135.255,1024
185.57.164.0,185.57.167.255,1024
185.57.200.0,185.57.203.255,1024
185.58.240.0,185.58.243.255,1024
185.59.112.0,185.59.115.255,1024
185.60.32.0,185.60.35.255,1024
185.60.136.0,185.60.139.255,1024
185.62.232.0,185.62.235.255,1024
185.63.236.0,185.63.239.255,1024
185.64.176.0,185.64.179.255,1024
185.66.224.0,185.66.231.255,2048
185.67.12.0,185.67.15.255,1024
185.67.100.0,185.67.103.255,1024
185.67.156.0,185.67.159.255,1024
185.67.212.0,185.67.215.255,1024
185.69.108.0,185.69.111.255,1024
185.70.60.0,185.70.63.255,1024
185.70.196.0,185.70.199.255,1024
185.71.152.0,185.71.155.255,1024
185.71.192.0,185.71.195.255,1024
185.72.24.0,185.72.27.255,1024
185.72.80.0,185.72.83.255,1024
185.73.0.0,185.73.3.255,1024
185.73.76.0,185.73.79.255,1024
185.73.112.0,185.73.112.255,256
185.73.114.0,185.73.115.255,512
185.74.164.0,185.74.167.255,1024
185.75.196.0,185.75.199.255,1024
185.75.204.0,185.75.207.255,1024
185.76.248.0,185.76.251.255,1024
185.78.20.0,185.78.23.255,1024
185.78.104.0,185.78.107.255,1024
185.79.60.0,185.79.63.255,1024
185.79.96.0,185.79.99.255,1024
185.79.156.0,185.79.159.255,1024
185.80.100.0,185.80.103.255,1024
185.80.196.0,185.80.199.255,1024
185.81.40.0,185.81.43.255,1024
185.81.96.0,185.81.97.255,512
185.81.99.0,185.81.99.255,256
185.82.28.0,185.82.31.255,1024
185.82.64.0,185.82.67.255,1024
185.82.136.0,185.82.139.255,1024
185.82.164.0,185.82.167.255,1024
185.82.180.0,185.82.183.255,1024
185.83.28.0,185.83.31.255,1024
185.83.72.0,185.83.83.255,3072
185.83.88.0,185.83.91.255,1024
185.83.112.0,185.83.115.255,1024
185.83.180.0,185.83.187.255,2048
185.83.196.0,185.83.203.255,2048
185.83.208.0,185.83.211.255,1024
185.84.160.0,185.84.163.255,1024
185.84.220.0,185.84.223.255,1024
185.85.68.0,185.85.71.255,1024
185.85.136.0,185.85.139.255,1024
185.86.36.0,185.86.39.255,1024
185.86.180.0,185.86.183.255,1024
185.88.48.0,185.88.51.255,1024
185.88.152.0,185.88.155.255,1024
185.88.176.0,185.88.179.255,1024
185.88.254.0,185.88.255.255,512
185.89.112.0,185.89.115.255,1024
185.92.4.0,185.92.11.255,2048
185.92.40.0,185.92.43.255,1024
185.93.164.0,185.93.167.255,1024
185.94.96.0,185.94.99.127,896
185.94.99.136,185.94.99.255,120
185.95.60.0,185.95.63.255,1024
185.95.152.0,185.95.155.255,1024
185.95.180.0,185.95.183.255,1024
185.96.240.0,185.96.243.255,1024
185.97.116.0,185.97.119.255,1024
185.98.112.0,185.98.115.255,1024
185.99.212.0,185.99.215.255,1024
185.100.44.0,185.100.47.255,1024
185.101.228.0,185.101.231.255,1024
185.103.84.0,185.103.87.255,1024
185.103.128.0,185.103.131.255,1024
185.103.244.0,185.103.251.255,2048
185.104.192.0,185.104.195.255,1024
185.104.228.0,185.104.235.255,2048
185.104.240.0,185.104.243.255,1024
185.105.100.0,185.105.103.255,1024
185.105.120.0,185.105.123.255,1024
185.105.184.0,185.105.187.255,1024
185.105.236.0,185.105.239.255,1024
185.106.136.0,185.106.139.255,1024
185.106.144.0,185.106.147.255,1024
185.106.200.0,185.106.201.255,512
185.106.228.0,185.106.231.255,1024
185.107.28.0,185.107.35.255,2048
185.107.244.0,185.107.251.255,2048
185.108.96.0,185.108.99.255,1024
185.108.164.0,185.108.167.255,1024
185.109.60.0,185.109.63.255,1024
185.109.72.0,185.109.75.255,1024
185.109.80.0,185.109.83.255,1024
185.109.128.0,185.109.131.255,1024
185.109.244.0,185.109.251.255,2048
185.110.28.0,185.110.31.255,1024
185.110.216.0,185.110.219.255,1024
185.110.228.0,185.110.231.255,1024
185.110.236.0,185.110.239.255,1024
185.110.244.0,185.110.247.255,1024
185.110.252.0,185.110.255.255,1024
185.111.8.0,185.111.15.255,2048
185.111.64.0,185.111.67.255,1024
185.111.80.0,185.111.83.255,1024
185.111.128.0,185.111.131.255,1024
185.111.136.0,185.111.139.255,1024
185.112.32.0,185.112.39.255,2048
185.112.128.0,185.112.131.255,1024
185.112.148.0,185.112.151.255,1024
185.112.168.0,185.112.171.255,1024
185.113.56.0,185.113.59.255,1024
185.113.112.0,185.113.115.255,1024
185.113.148.0,185.113.155.255,2048
185.114.188.0,185.114.191.255,1024
185.115.76.0,185.115.79.255,1024
185.115.148.0,185.115.151.255,1024
185.115.164.0,185.115.171.255,2048
185.116.20.0,185.116.27.255,2048
185.116.44.0,185.116.47.255,1024
185.116.160.0,185.116.163.255,1024
185.117.96.0,185.117.99.255,1024
185.117.136.0,185.117.139.255,1024
185.117.204.0,185.117.207.255,1024
185.118.12.0,185.118.15.255,1024
185.118.136.0,185.118.139.255,1024
185.118.152.0,185.118.155.255,1024
185.119.4.0,185.119.7.255,1024
185.119.164.0,185.119.167.255,1024
185.119.240.0,185.119.243.255,1024
185.120.120.0,185.120.123.255,1024
185.120.136.0,185.120.139.255,1024
185.120.160.0,185.120.163.255,1024
185.120.168.0,185.120.171.255,1024
185.120.192.0,185.120.203.255,3072
185.120.208.0,185.120.251.255,11264
185.121.56.0,185.121.59.255,1024
185.121.128.0,185.121.131.255,1024
185.122.80.0,185.122.83.255,1024
185.123.68.0,185.123.71.255,1024
185.123.208.0,185.123.211.255,1024
185.124.112.0,185.124.115.255,1024
185.124.156.0,185.124.159.255,1024
185.124.172.0,185.124.175.255,1024
185.125.20.0,185.125.23.255,1024
185.125.244.0,185.126.19.255,8192
185.126.40.0,185.126.43.255,1024
185.126.132.0,185.126.135.255,1024
185.126.156.0,185.126.157.255,512
185.126.200.0,185.126.203.255,1024
185.127.232.0,185.127.235.255,1024
185.128.48.0,185.128.51.255,1024
185.128.80.0,185.128.83.255,1024
185.128.136.0,185.128.139.255,1024
185.128.152.0,185.128.155.255,1024
185.129.80.0,185.129.83.255,1024
185.129.108.0,185.129.108.255,256
185.129.116.0,185.129.119.255,1024
185.129.124.0,185.129.127.255,1024
185.129.168.0,185.129.171.255,1024
185.129.184.0,185.129.191.255,2048
185.129.196.0,185.129.203.255,2048
185.129.212.0,185.129.219.255,2048
185.129.228.0,185.129.243.255,4096
185.130.76.0,185.130.79.255,1024
185.131.28.0,185.131.31.255,1024
185.131.84.0,185.131.95.255,3072
185.131.100.0,185.131.103.255,1024
185.131.108.0,185.131.119.255,3072
185.131.124.0,185.131.131.255,2048
185.131.136.0,185.131.143.255,2048
185.131.148.0,185.131.159.255,3072
185.131.164.0,185.131.171.255,2048
185.132.80.0,185.132.83.255,1024
185.132.212.0,185.132.215.255,1024
185.133.152.0,185.133.155.255,1024
185.133.164.0,185.133.167.255,1024
185.133.212.0,185.133.215.255,1024
185.133.244.0,185.133.246.255,768
185.134.96.0,185.134.99.255,1024
185.135.28.0,185.135.31.255,1024
185.135.73.0,185.135.75.255,768
185.135.77.0,185.135.79.255,768
185.135.84.0,185.135.84.255,256
185.135.86.0,185.135.87.255,512
185.135.228.0,185.135.231.255,1024
185.136.100.0,185.136.103.255,1024
185.136.172.0,185.136.175.255,1024
185.136.180.0,185.136.183.255,1024
185.136.220.0,185.136.223.255,1024
185.137.24.0,185.137.27.255,1024
185.137.60.0,185.137.63.255,1024
185.137.108.0,185.137.111.255,1024
185.139.64.0,185.139.67.255,1024
185.140.4.0,185.140.7.255,1024
185.140.12.0,185.140.15.255,1024
185.140.56.0,185.140.59.255,1024
185.140.232.0,185.140.235.255,1024
185.140.240.0,185.140.243.255,1024
185.141.36.0,185.141.39.255,1024
185.141.48.0,185.141.51.255,1024
185.141.104.0,185.141.107.255,1024
185.141.132.0,185.141.135.255,1024
185.141.168.0,185.141.171.255,1024
185.141.212.0,185.141.215.255,1024
185.141.244.0,185.141.247.255,1024
185.142.92.0,185.142.95.255,1024
185.142.124.0,185.142.127.255,1024
185.142.156.0,185.142.159.255,1024
185.142.232.0,185.142.235.255,1024
185.143.204.0,185.143.207.255,1024
185.144.64.0,185.144.67.255,1024
185.145.8.0,185.145.11.255,1024
185.145.184.0,185.145.187.255,1024
185.147.40.0,185.147.43.255,1024
185.147.84.0,185.147.87.255,1024
185.147.160.0,185.147.163.255,1024
185.147.176.0,185.147.179.255,1024
185.150.108.0,185.150.111.255,1024
185.151.96.0,185.151.99.255,1024
185.153.184.0,185.153.187.255,1024
185.153.208.0,185.153.211.255,1024
185.154.184.0,185.154.187.255,1024
185.155.8.0,185.155.15.255,2048
185.155.72.0,185.155.75.255,1024
185.155.236.0,185.155.239.255,1024
185.156.44.0,185.156.47.255,1024
185.157.8.0,185.157.11.255,1024
185.158.172.0,185.158.175.255,1024
185.159.84.0,185.159.91.255,2048
185.159.152.0,185.159.155.255,1024
185.159.176.0,185.159.179.255,1024
185.160.104.0,185.160.107.255,1024
185.160.176.0,185.160.179.255,1024
185.161.36.0,185.161.39.255,1024
185.161.112.0,185.161.115.255,1024
185.162.40.0,185.162.43.255,1024
185.162.216.0,185.162.219.255,1024
185.163.88.0,185.163.91.255,1024
185.164.72.0,185.164.75.255,1024
185.164.252.0,185.164.255.255,1024
185.165.28.0,185.165.31.255,1024
185.165.40.0,185.165.43.255,1024
185.165.100.0,185.165.103.255,1024
185.165.116.0,185.165.119.255,1024
185.165.204.0,185.165.207.255,1024
185.166.60.0,185.166.63.255,1024
185.166.104.0,185.166.107.255,1024
185.166.112.0,185.166.115.255,1024
185.167.52.0,185.167.55.255,1024
185.167.72.0,185.167.75.255,1024
185.167.100.0,185.167.103.255,1024
185.167.124.0,185.167.127.255,1024
185.168.28.0,185.168.31.255,1024
185.169.20.0,185.169.23.255,1024
185.169.36.0,185.169.39.255,1024
185.170.236.0,185.170.239.255,1024
185.171.52.0,185.171.55.255,1024
185.172.0.0,185.172.3.255,1024
185.172.68.0,185.172.71.255,1024
185.172.212.0,185.172.215.255,1024
185.173.104.0,185.173.107.255,1024
185.173.168.0,185.173.171.255,1024
185.174.132.0,185.174.135.255,1024
185.174.200.0,185.174.203.255,1024
185.174.248.0,185.174.251.255,1024
185.175.240.0,185.175.243.255,1024
185.176.32.0,185.176.35.255,1024
185.176.56.0,185.176.59.255,1024
185.177.156.0,185.177.159.255,1024
185.177.232.0,185.177.235.255,1024
185.178.104.0,185.178.107.255,1024
185.178.220.0,185.178.223.255,1024
185.179.168.0,185.179.171.255,1024
185.179.220.0,185.179.223.255,1024
185.180.52.0,185.180.55.255,1024
185.180.128.0,185.180.131.255,1024
185.181.180.0,185.181.183.255,1024
185.182.220.0,185.182.223.255,1024
185.182.248.0,185.182.251.255,1024
185.183.128.0,185.183.131.255,1024
185.184.32.0,185.184.35.255,1024
185.184.48.0,185.184.51.255,1024
185.185.16.0,185.185.19.255,1024
185.185.240.0,185.185.243.255,1024
185.186.48.0,185.186.51.255,1024
185.186.240.0,185.186.243.255,1024
185.187.48.0,185.187.51.255,1024
185.187.84.0,185.187.87.255,1024
185.188.104.0,185.188.107.255,1024
185.188.112.0,185.188.115.255,1024
185.189.120.0,185.189.123.255,1024
185.190.20.0,185.190.23.255,1024
185.191.76.0,185.191.79.255,1024
185.192.8.0,185.192.11.255,1024
185.192.112.0,185.192.115.255,1024
185.193.208.0,185.193.215.255,2048
185.193.232.0,185.193.235.255,1024
185.194.76.0,185.194.79.255,1024
185.194.244.0,185.194.247.255,1024
185.195.72.0,185.195.75.255,1024
185.196.148.0,185.196.151.255,1024
185.197.68.0,185.197.71.255,1024
185.197.112.0,185.197.115.255,1024
185.198.160.0,185.198.163.255,1024
185.198.252.0,185.198.255.255,1024
185.199.64.0,185.199.67.255,1024
185.199.208.0,185.199.211.255,1024
185.201.48.0,185.201.51.255,1024
185.201.190.0,185.201.190.255,256
185.202.56.0,185.202.59.255,1024
185.202.92.0,185.202.95.255,1024
185.203.160.0,185.203.163.255,1024
185.203.196.128,185.203.196.255,128
185.204.168.0,185.204.171.255,1024
185.204.180.0,185.204.183.255,1024
185.205.140.0,185.205.143.255,1024
185.205.220.0,185.205.223.255,1024
185.206.68.0,185.206.71.255,1024
185.206.236.0,185.206.239.255,1024
185.207.4.0,185.207.7.255,1024
185.207.52.0,185.207.55.255,1024
185.207.72.0,185.207.75.255,1024
185.208.76.0,185.208.79.255,1024
185.208.148.0,185.208.151.255,1024
185.208.174.0,185.208.175.255,512
185.208.181.0,185.208.183.255,768
185.209.188.0,185.209.191.255,1024
185.210.200.0,185.210.203.255,1024
185.211.56.0,185.211.59.255,1024
185.211.84.0,185.211.91.255,2048
185.212.48.0,185.212.51.255,1024
185.212.120.0,185.212.123.255,1024
185.212.192.0,185.212.195.255,1024
185.213.8.0,185.213.11.255,1024
185.213.164.0,185.213.167.255,1024
185.214.36.0,185.214.39.255,1024
185.215.124.0,185.215.127.255,1024
185.215.152.0,185.215.155.255,1024
185.215.228.0,185.215.235.255,2048
185.215.244.0,185.215.247.255,1024
185.216.124.0,185.216.127.255,1024
185.217.160.0,185.217.163.255,1024
185.219.112.0,185.219.115.255,1024
185.220.236.0,185.220.239.255,1024
185.221.112.0,185.221.115.255,1024
185.221.192.0,185.221.195.255,1024
185.222.120.0,185.222.123.255,1024
185.222.180.0,185.222.187.255,2048
185.224.176.0,185.224.179.255,1024
185.225.80.0,185.225.83.255,1024
185.225.180.0,185.225.183.255,1024
185.225.240.0,185.225.243.255,1024
185.226.116.252,185.226.116.255,4
185.226.132.0,185.226.135.255,1024
185.226.140.0,185.226.143.255,1024
185.227.64.0,185.227.67.255,1024
185.227.116.0,185.227.119.255,1024
185.227.137.0,185.227.137.255,256
185.229.0.0,185.229.3.255,1024
185.229.28.0,185.229.31.255,1024
185.231.112.0,185.231.112.255,256
185.232.152.0,185.232.155.255,1024
185.232.176.0,185.232.179.255,1024
185.233.12.0,185.233.15.255,1024
185.234.192.0,185.234.195.255,1024
185.235.40.0,185.235.43.255,1024
185.235.136.0,185.235.139.255,1024
185.236.36.0,185.236.39.255,1024
185.236.88.0,185.236.91.255,1024
185.237.8.0,185.237.11.255,1024
185.237.84.0,185.237.87.255,1024
185.238.20.0,185.238.23.255,1024
185.238.44.0,185.238.47.255,1024
185.238.92.0,185.238.95.255,1024
185.239.0.0,185.239.3.255,1024
185.240.56.0,185.240.59.255,1024
185.240.148.0,185.240.151.255,1024
185.243.48.0,185.243.51.255,1024
185.244.52.0,185.244.55.255,1024
185.246.4.0,185.246.7.255,1024
185.249.52.0,185.249.55.255,1024
185.251.76.0,185.251.79.255,1024
185.252.28.0,185.252.31.255,1024
185.255.68.0,185.255.71.255,1024
185.255.88.0,185.255.91.255,1024
185.255.208.0,185.255.211.255,1024
188.0.240.0,188.0.255.255,4096
188.34.0.0,188.34.255.255,65536
188.75.64.0,188.75.127.255,16384
188.118.64.0,188.118.127.255,16384
188.121.96.0,188.121.159.255,16384
188.122.96.0,188.122.127.255,8192
188.136.128.0,188.136.255.255,32768
188.158.0.0,188.159.255.255,131072
188.191.176.0,188.191.183.255,2048
188.208.56.0,188.208.95.255,10240
188.208.144.0,188.208.191.255,12288
188.208.200.0,188.208.203.255,1024
188.208.208.0,188.208.215.255,2048
188.208.224.0,188.209.47.255,20480
188.209.64.0,188.209.79.255,4096
188.209.116.0,188.209.119.255,1024
188.209.128.0,188.209.143.255,4096
188.209.152.0,188.209.153.255,512
188.209.155.0,188.209.155.255,256
188.209.192.0,188.209.207.255,4096
188.210.64.0,188.210.87.255,6144
188.210.96.0,188.210.207.255,28672
188.210.232.0,188.210.235.255,1024
188.211.0.0,188.211.15.255,4096
188.211.32.0,188.211.159.255,32768
188.211.176.0,188.211.223.255,12288
188.212.6.0,188.212.7.255,512
188.212.22.0,188.212.22.255,256
188.212.48.0,188.212.99.255,13312
188.212.144.0,188.212.151.255,2048
188.212.160.0,188.212.191.255,8192
188.212.200.0,188.212.247.255,12288
188.213.64.0,188.213.79.255,4096
188.213.96.0,188.213.127.255,8192
188.213.144.0,188.213.159.255,4096
188.213.176.0,188.213.199.255,6144
188.213.208.0,188.213.211.255,1024
188.214.4.0,188.214.7.255,1024
188.214.84.0,188.214.87.255,1024
188.214.96.0,188.214.99.255,1024
188.214.120.0,188.214.121.255,512
188.214.160.0,188.214.191.255,8192
188.214.216.0,188.214.223.255,2048
188.214.232.0,188.214.239.255,2048
188.215.24.0,188.215.27.255,1024
188.215.88.0,188.215.91.255,1024
188.215.128.0,188.215.143.255,4096
188.215.160.0,188.215.223.255,16384
188.215.240.0,188.215.243.255,1024
188.229.0.0,188.229.127.255,32768
188.240.196.0,188.240.196.255,256
188.240.212.0,188.240.212.255,256
188.240.248.0,188.240.255.255,2048
188.245.0.0,188.245.255.255,65536
188.253.0.0,188.253.3.255,1024
188.253.32.0,188.253.95.255,16384
188.253.100.0,188.253.101.255,512
188.253.104.0,188.253.119.255,4096
188.253.124.0,188.253.127.255,1024
193.0.156.0,193.0.156.255,256
193.8.139.0,193.8.139.255,256
193.19.144.0,193.19.145.255,512
193.28.181.0,193.28.181.255,256
193.32.80.0,193.32.81.255,512
193.34.244.0,193.34.247.255,1024
193.35.62.0,193.35.62.255,256
193.104.22.0,193.104.22.255,256
193.104.212.0,193.104.212.255,256
193.105.2.0,193.105.2.255,256
193.105.6.0,193.105.6.255,256
193.108.242.0,193.108.243.255,512
193.142.30.0,193.142.30.255,256
193.148.64.0,193.148.67.255,1024
193.151.128.0,193.151.159.255,8192
193.176.240.0,193.176.243.255,1024
193.178.200.0,193.178.203.255,1024
193.189.122.0,193.189.123.255,512
193.201.192.0,193.201.195.255,1024
193.222.51.0,193.222.51.255,256
193.242.194.0,193.242.195.255,512
193.242.208.0,193.242.209.255,512
194.5.40.0,194.5.43.255,1024
194.5.176.0,194.5.179.255,1024
194.26.72.0,194.26.75.255,1024
194.33.104.0,194.33.107.255,1024
194.33.122.0,194.33.127.255,1536
194.34.160.0,194.34.163.255,1024
194.36.174.0,194.36.174.255,256
194.39.36.0,194.39.39.255,1024
194.41.48.0,194.41.51.255,1024
194.60.208.0,194.60.211.255,1024
194.60.228.0,194.60.231.255,1024
194.73.51.160,194.73.51.175,16
194.143.140.0,194.143.141.255,512
194.146.148.0,194.146.151.255,1024
194.147.164.0,194.147.167.255,1024
194.150.68.0,194.150.71.255,1024
194.156.140.0,194.156.143.255,1024
194.225.0.0,194.225.255.255,65536
195.20.136.0,195.20.136.255,256
195.27.14.0,195.27.14.7,8
195.84.210.25,195.84.210.25,1
195.88.188.0,195.88.189.255,512
195.96.139.16,195.96.139.31,16
195.110.38.0,195.110.39.255,512
195.146.32.0,195.146.63.255,8192
195.170.163.0,195.170.163.255,256
195.181.0.0,195.181.127.255,32768
195.191.74.0,195.191.75.255,512
195.211.44.0,195.211.47.255,1024
195.219.71.0,195.219.71.255,256
195.238.124.0,195.238.127.255,1024
195.245.70.0,195.245.71.255,512
196.3.91.0,196.3.91.255,256
204.245.22.24,204.245.22.27,4
204.245.22.29,204.245.22.31,3
208.48.251.249,208.48.251.249,1
209.28.123.0,209.28.123.63,64
210.5.196.64,210.5.196.127,64
210.5.197.64,210.5.197.127,64
210.5.198.32,210.5.198.39,8
210.5.198.64,210.5.198.79,16
210.5.198.96,210.5.198.223,128
210.5.204.0,210.5.204.127,128
210.5.205.0,210.5.205.63,64
210.5.208.0,210.5.208.63,64
210.5.208.128,210.5.209.127,256
210.5.214.192,210.5.214.255,64
210.5.218.64,210.5.218.255,192
210.5.232.0,210.5.232.127,128
210.5.233.0,210.5.233.191,192
212.1.192.0,212.1.199.255,2048
212.6.37.0,212.6.38.255,512
212.6.41.0,212.6.41.127,128
212.6.42.0,212.6.42.255,256
212.6.45.0,212.6.45.255,256
212.6.47.0,212.6.47.255,256
212.16.64.0,212.16.95.255,8192
212.33.197.0,212.33.197.255,256
212.33.199.0,212.33.200.255,512
212.33.202.0,212.33.223.255,5632
212.80.0.0,212.80.31.255,8192
212.86.64.0,212.86.95.255,8192
212.120.192.0,212.120.223.255,8192
212.151.182.155,212.151.182.157,3
213.50.105.254,213.50.105.254,1
213.108.240.0,213.108.241.255,512
213.108.243.0,213.108.243.255,256
213.109.240.0,213.109.255.255,4096
213.176.0.0,213.176.11.255,3072
213.176.14.0,213.176.23.255,2560
213.176.28.0,213.176.31.255,1024
213.176.64.0,213.176.127.255,16384
213.195.0.0,213.195.63.255,16384
213.207.192.0,213.207.255.255,16384
213.217.32.0,213.217.63.255,8192
213.233.160.0,213.233.191.255,8192
217.11.16.0,217.11.31.255,4096
217.24.144.0,217.24.159.255,4096
217.25.48.0,217.25.63.255,4096
217.60.0.0,217.60.255.255,65536
217.66.192.0,217.66.223.255,8192
217.77.112.0,217.77.127.255,4096
217.146.208.0,217.146.223.255,4096
217.161.16.0,217.161.16.255,256
217.170.240.0,217.170.255.255,4096
217.171.145.0,217.171.145.255,256
217.171.148.0,217.171.151.255,1024
217.171.191.220,217.171.191.223,4
217.172.102.0,217.172.127.255,6656
217.174.16.0,217.174.31.255,4096
217.218.0.0,217.219.255.255,131072
2.144.0.0,2.147.255.255,26214422/10/10Iran Cell Service and Communication Company
2.176.0.0,2.191.255.255,104857618/10/10Information Technology Company (ITC)
5.22.0.0,5.22.127.255,3276803/05/12Asiatech Data Transfer Inc PLC
5.22.192.0,5.22.223.255,819204/05/12Dadeh Pardazan Sabz Alborz Co.(P.J.S.)
5.34.192.0,5.34.223.255,819211/05/12Samaneh Sama Pishro Persian Communications and Information Development Company PJS
5.52.0.0,5.52.255.255,6553625/05/12Mobin Net Communication Company (Private Joint Stock)
5.53.32.0,5.53.63.255,819229/05/12Asiatech Data Transfer Inc PLC
5.62.160.0,5.62.191.255,819211/06/12Iran Telecommunication Company PJS
5.62.192.0,5.62.255.255,1638411/06/12Rightel Communication Service Company PJS
5.72.0.0,5.72.255.255,6553611/06/12Rightel Communication Service Company PJS
5.73.0.0,5.73.255.255,6553611/06/12Rightel Communication Service Company PJS
5.74.0.0,5.74.255.255,6553611/06/12Iran Telecommunication Company PJS
5.75.0.0,5.75.127.255,3276811/06/12Esfahan Telecommunication Company (P.J.S.)
5.75.128.0,5.75.255.255,3276811/06/12Neda Gostar Saba Data Transfer Company Private Joint Stock
5.78.0.0,5.78.255.255,6553612/06/12Pars Online PJS
5.106.0.0,5.106.255.255,6553628/06/12Mobile Communication Company of Iran PLC
5.112.0.0,5.127.255.255,104857629/06/12Iran Cell Service and Communication Company
5.134.128.0,5.134.191.255,1638410/07/12Rightel Communication Service Company PJS
5.160.0.0,5.160.255.255,6553625/07/12Respina Networks & Beyond PJSC
5.161.0.0,5.161.127.255,3276825/07/12Asiatech Data Transfer Inc PLC
5.161.128.0,5.161.255.255,3276825/07/12Asiatech Data Transfer Inc PLC
5.190.0.0,5.190.255.255,6553613/08/12PJSC Fars Telecommunication Company
5.198.160.0,5.198.191.255,819227/08/12Asiatech Data Transfer Inc PLC
5.200.64.0,5.200.95.255,819230/08/12Pars Fonoun Ofogh Information Technology and Communications Company LTD
5.200.96.0,5.200.127.255,819230/08/12Rightel Communication Service Company PJS
5.200.128.0,5.200.255.255,3276829/08/12Telecommunications Company of Golestan province PJS
5.201.128.0,5.201.255.255,3276829/08/12Mobin Net Communication Company (Private Joint Stock)
5.202.0.0,5.202.255.255,6553629/08/12Pishgaman Toseeh Ertebatat Company (Private Joint Stock)
5.208.0.0,5.209.255.255,13107204/09/12Mobile Communication Company of Iran PLC
5.210.0.0,5.210.255.255,6553604/09/12Mobile Communication Company of Iran PLC
5.211.0.0,5.211.255.255,6553604/09/12Mobile Communication Company of Iran PLC
5.212.0.0,5.213.255.255,13107204/09/12Mobile Communication Company of Iran PLC
5.214.0.0,5.215.255.255,13107204/09/12Mobile Communication Company of Iran PLC
5.216.0.0,5.217.255.255,13107204/09/12Mobile Communication Company of Iran PLC
5.218.0.0,5.218.255.255,6553604/09/12Mobile Communication Company of Iran PLC
5.219.0.0,5.219.63.255,1638404/09/12Esfahan Telecommunication Company (P.J.S.)
5.219.64.0,5.219.127.255,1638404/09/12Esfahan Telecommunication Company (P.J.S.)
5.219.128.0,5.219.191.255,1638404/09/12Esfahan Telecommunication Company (P.J.S.)
5.219.192.0,5.219.255.255,1638404/09/12Esfahan Telecommunication Company (P.J.S.)
5.220.0.0,5.223.255.255,26214404/09/12GOSTARESH-E-ERTEBATAT-E MABNA COMPANY (Private Joint Stock)
5.232.0.0,5.239.255.255,52428807/09/12Iran Telecommunication Company PJS
5.250.0.0,5.250.127.255,3276813/09/12Asiatech Data Transfer Inc PLC
31.2.128.0,31.2.255.255,3276805/04/11Mobile Communication Company of Iran PLC
31.7.64.0,31.7.95.255,819211/04/11Tarahan Shabake Sharif LTD
31.7.96.0,31.7.127.255,819211/04/11Asiatech Data Transfer Inc PLC
31.7.128.0,31.7.143.255,409613/04/11Aryan Satellite Co. (Private Joint Stock)
31.14.80.0,31.14.95.255,409618/04/11Iran Telecommunication Company PJS
31.14.112.0,31.14.127.255,409618/04/11Afranet
31.14.144.0,31.14.159.255,409618/04/11Iran Telecommunication Company PJS
31.29.32.0,31.29.63.255,819207/03/11Ariana Gostar Spadana (PJSC)
31.47.32.0,31.47.63.255,819221/03/11Afranet
31.56.0.0,31.59.255.255,26214428/01/11Aria Shatel Company Ltd
31.130.176.0,31.130.191.255,409605/05/11
31.170.48.0,31.170.63.255,409630/03/11Farahoosh Dena
31.184.128.0,31.184.191.255,1638401/03/11GOSTARESH-E-ERTEBATAT-E MABNA COMPANY (Private Joint Stock)
31.193.144.0,31.193.159.255,409627/04/11Communication and information technology network Arian Rasaneh Pars Ltd.
37.19.80.0,37.19.95.255,409622/12/11Shabakeh Gostar Shahriyar Co. (Ltd.)
37.27.0.0,37.27.255.255,6553628/12/11Pars Online PJS
37.32.0.0,37.32.31.255,819202/01/12Pardaz Gostar Ertebatat Berelian Limited Liability Company
37.32.112.0,37.32.127.255,409603/01/12Rayaneh Pardazan Baran Co. Ltd.
37.63.128.0,37.63.255.255,3276823/01/12Asiatech Data Transfer Inc PLC
37.98.0.0,37.98.127.255,3276806/02/12Mobin Net Communication Company (Private Joint Stock)
37.114.192.0,37.114.255.255,1638410/02/12GOSTARESH-E-ERTEBATAT-E MABNA COMPANY (Private Joint Stock)
37.128.240.0,37.128.255.255,409621/02/12ANDISHE SABZ KHAZAR CO. P.J.S.
37.129.0.0,37.129.255.255,6553620/02/12Mobile Communication Company of Iran PLC
37.137.0.0,37.137.255.255,6553622/02/12Rightel Communication Service Company PJS
37.148.0.0,37.148.127.255,3276802/03/12Aria Shatel Company Ltd
37.152.160.0,37.152.191.255,819212/03/12Rahanet Zanjan Co. (Private Joint-Stock)
37.153.176.0,37.153.191.255,409613/03/12Rightel Communication Service Company PJS
37.156.16.0,37.156.31.255,409613/03/12Mobin Net Communication Company (Private Joint Stock)
37.156.48.0,37.156.63.255,409613/03/12Rightel Communication Service Company PJS
37.156.112.0,37.156.127.255,409613/03/12Iran Telecommunication Company PJS
37.156.128.0,37.156.143.255,409613/03/12Iran Telecommunication Company PJS
37.191.64.0,37.191.95.255,819221/03/12Ariana Gostar Spadana (PJSC)
37.202.128.0,37.202.255.255,3276823/03/12Aria Shatel Company Ltd
37.221.0.0,37.221.63.255,1638405/04/12GOSTARESH-E-ERTEBATAT-E MABNA COMPANY (Private Joint Stock)
37.235.16.0,37.235.31.255,409616/04/12Shabakeh Gostar Shahriyar Co. (Ltd.)
37.254.0.0,37.255.255.255,13107219/04/12Esfahan Telecommunication Company (P.J.S.)
46.21.80.0,46.21.95.255,409603/11/10ANDISHE SABZ KHAZAR CO. P.J.S.
46.32.0.0,46.32.31.255,819211/08/10Tose'h Fanavari Ertebabat Pasargad Arian Co. PJS
46.34.96.0,46.34.127.255,819221/09/10Mellat Insurance Public Joint Stock Company
46.34.176.0,46.34.191.255,409623/09/10Tose'h Fanavari Ertebabat Pasargad Arian Co. PJS
46.36.96.0,46.36.127.255,819226/10/10Pirooz Leen LLC
46.38.128.0,46.38.159.255,819225/11/10Farhang Azma Communications Company LTD
46.41.192.0,46.41.255.255,1638427/07/10Pars Online PJS
46.51.0.0,46.51.127.255,3276827/07/10Mobile Communication Company of Iran PLC
46.62.128.0,46.62.255.255,3276801/11/10Pars Online PJS
46.100.0.0,46.100.255.255,6553624/06/10Iran Telecommunication Company PJS
46.102.128.0,46.102.143.255,409625/06/10Afranet
46.143.0.0,46.143.63.255,1638425/11/10Asiatech Data Transfer Inc PLC
46.143.64.0,46.143.127.255,1638425/11/10Asiatech Data Transfer Inc PLC
46.143.128.0,46.143.191.255,1638425/11/10Asiatech Data Transfer Inc PLC
46.143.192.0,46.143.255.255,1638425/11/10MIHAN COMMUNICATION SYSTEMS CO.LTD
46.148.32.0,46.148.47.255,409603/11/10
46.164.64.0,46.164.127.255,1638408/12/10Asiatech Data Transfer Inc PLC
46.167.128.0,46.167.159.255,819204/03/11Rayaneh Danesh Golestan Complex P.J.S. Co.
46.209.0.0,46.209.255.255,6553602/12/10Respina Networks & Beyond PJSC
46.224.0.0,46.225.255.255,13107231/12/10Rayaneh Danesh Golestan Complex P.J.S. Co.
46.245.0.0,46.245.127.255,3276831/12/10Hamara System Tabriz Engineering Company
46.248.32.0,46.248.63.255,819217/12/10Asiatech Data Transfer Inc PLC
46.249.96.0,46.249.111.255,409630/12/10
46.251.160.0,46.251.191.255,819207/02/11METANET SEPAHAN Technology Co.
62.60.128.0,62.60.255.255,3276813/06/01Iranian Research Organization for Science & Technology
62.102.128.0,62.102.143.255,409610/03/11Mobin Net Communication Company (Private Joint Stock)
62.193.0.0,62.193.31.255,819217/07/00DP IRAN
62.220.96.0,62.220.127.255,819225/10/01Soroush Rasanheh Company Ltd
66.79.96.0,66.79.127.255,819225/06/08Asiatech Data Transfer Inc PLC
77.36.128.0,77.36.255.255,3276812/03/07IRIB (Islamic Republic of Iran Broadcasting)
77.42.0.0,77.42.63.255,1638404/12/06Rayaneh Danesh Golestan Complex P.J.S. Co.
77.42.64.0,77.42.127.255,1638404/12/06Rayaneh Danesh Golestan Complex P.J.S. Co.
77.77.64.0,77.77.127.255,1638421/02/07Rayaneh Danesh Golestan Complex P.J.S. Co.
77.81.32.0,77.81.47.255,409615/02/07Iran Telecommunication Company PJS
77.81.144.0,77.81.159.255,409615/02/07Iran Telecommunication Company PJS
77.81.192.0,77.81.223.255,819215/02/07Rightel Communication Service Company PJS
77.104.64.0,77.104.127.255,1638407/10/08Respina Networks & Beyond PJSC
77.237.64.0,77.237.95.255,819201/02/07Respina Networks & Beyond PJSC
77.237.160.0,77.237.191.255,819206/02/07Pishgaman Kavir Yazd Cooperative
77.238.112.0,77.238.127.255,409615/02/07Asiatech Data Transfer Inc PLC
77.245.224.0,77.245.239.255,409607/05/07Research Institute Of Petroleum Industry
78.38.0.0,78.39.255.255,13107219/03/07Information Technology Company (ITC)
78.109.192.0,78.109.207.255,409617/07/07Afranet
78.110.112.0,78.110.127.255,409609/08/07TSTonline co.
78.111.0.0,78.111.15.255,409627/08/07Moasese Gostaresh Etelaat Va Ertebatat Farhangi Neda Rayaneh
78.154.32.0,78.154.63.255,819217/07/07Tose'h Fanavari Ertebabat Pasargad Arian Co. PJS
78.157.32.0,78.157.63.255,819228/08/07Fanava Group
78.158.160.0,78.158.191.255,819206/09/07Arya Sepehr Ettelarasan Tehran PLC
79.127.0.0,79.127.127.255,3276817/09/07Asiatech Data Transfer Inc PLC
79.132.208.0,79.132.223.255,409602/10/07Tose'h Fanavari Ertebabat Pasargad Arian Co. PJS
79.175.128.0,79.175.191.255,1638412/11/07Afranet
80.66.176.0,80.66.191.255,409609/06/04University of Tehran Informatics Center
80.69.240.0,80.69.255.255,409603/04/09Tosee Resan Pasargad Co. P.J.S
80.71.112.0,80.71.127.255,409618/01/05Tose'h Fanavari Ertebabat Pasargad Arian Co. PJS
80.75.0.0,80.75.15.255,409619/06/01Afranet
80.191.0.0,80.191.255.255,6553623/07/02Information Technology Company (ITC)
80.210.0.0,80.210.63.255,1638412/12/01Iran Telecommunication Company PJS
80.210.128.0,80.210.255.255,3276812/12/01Iran Telecommunication Company PJS
80.242.0.0,80.242.15.255,409627/04/09Mobin Net Communication Company (Private Joint Stock)
80.250.192.0,80.250.207.255,409627/08/12Asiatech Data Transfer Inc PLC
80.253.128.0,80.253.143.255,409613/12/01Tose'h Fanavari Ertebabat Pasargad Arian Co. PJS
80.253.144.0,80.253.159.255,409628/05/02Tose'h Fanavari Ertebabat Pasargad Arian Co. PJS
81.12.0.0,81.12.127.255,3276827/05/02Soroush Rasanheh Company Ltd
81.16.112.0,81.16.127.255,409621/01/04Iran Telecommunication Company PJS
81.28.32.0,81.28.47.255,409617/04/02IsIran
81.28.48.0,81.28.63.255,409622/12/04IsIran
81.29.240.0,81.29.255.255,409617/06/09Tose'h Fanavari Ertebabat Pasargad Arian Co. PJS
81.31.160.0,81.31.175.255,409603/06/02Sharif University Of Technology
81.31.176.0,81.31.191.255,409608/12/03Sharif University Of Technology
81.31.224.0,81.31.255.255,819229/08/11Chapar Rasaneh
81.90.144.0,81.90.159.255,409604/01/06Afranet
81.91.128.0,81.91.143.255,409618/07/02DATAK Internet EngineeringInc
81.91.144.0,81.91.159.255,409626/09/02Farabord Dadeh Haye Iranian Co.
82.97.224.0,82.97.255.255,819202/12/03Padidar Technology Co
82.99.192.0,82.99.255.255,1638412/12/03Pars Online PJS
82.115.16.0,82.115.31.255,409606/01/04
83.120.0.0,83.123.255.255,26214406/01/04Mobile Communication Company of Iran PLC
83.147.192.0,83.147.255.255,1638414/06/07Raya Sepehr Vira Data Processing Company Ltd.
84.47.192.0,84.47.223.255,819215/10/04Asiatech Data Transfer Inc PLC
84.47.240.0,84.47.255.255,409615/10/04Asiatech Data Transfer Inc PLC
84.241.0.0,84.241.63.255,1638410/06/04Aria Shatel Company Ltd
85.9.64.0,85.9.127.255,1638411/02/05Pishgaman Kavir Yazd Cooperative
85.15.0.0,85.15.63.255,1638419/04/05Aria Shatel Company Ltd
85.133.128.0,85.133.255.255,3276806/12/05Sepanta Communication Development Co. Ltd
85.185.0.0,85.185.255.255,6553625/11/04Information Technology Company (ITC)
85.198.0.0,85.198.63.255,1638431/01/05TSTonline co.
85.204.80.0,85.204.95.255,409613/01/05Iran Telecommunication Company PJS
85.204.208.0,85.204.223.255,409613/01/05Iran Telecommunication Company PJS
85.239.192.0,85.239.223.255,819221/06/05Mobin Net Communication Company (Private Joint Stock)
86.55.0.0,86.55.255.255,6553613/05/05Mobile Communication Company of Iran PLC
86.57.0.0,86.57.127.255,3276808/01/10Shahrad Net Company Ltd.
86.104.32.0,86.104.47.255,409618/04/05Afranet
86.104.80.0,86.104.95.255,409618/04/05Iran Telecommunication Company PJS
86.104.96.0,86.104.111.255,409618/04/05Iran Telecommunication Company PJS
86.105.128.0,86.105.143.255,409618/04/05Iran Telecommunication Company PJS
86.107.0.0,86.107.15.255,409618/04/05Mobin Net Communication Company (Private Joint Stock)
86.107.80.0,86.107.95.255,409618/04/05Iran Telecommunication Company PJS
86.107.144.0,86.107.159.255,409618/04/05Iran Telecommunication Company PJS
86.107.208.0,86.107.223.255,409618/04/05Mobin Net Communication Company (Private Joint Stock)
86.109.32.0,86.109.63.255,819205/07/05Tose'h Fanavari Ertebabat Pasargad Arian Co. PJS
87.107.0.0,87.107.255.255,6553622/08/05Soroush Rasanheh Company Ltd
87.247.160.0,87.247.191.255,819223/11/05Moasese Gostaresh Etelaat Va Ertebatat Farhangi Neda Rayaneh
87.248.128.0,87.248.159.255,819226/08/08TOSE'EH ERTEBATAT NOVIN ARIA CO PJS
87.251.128.0,87.251.159.255,819213/09/05Asiatech Data Transfer Inc PLC
89.32.0.0,89.32.31.255,819229/11/05Rightel Communication Service Company PJS
89.32.96.0,89.32.111.255,409629/11/05Rightel Communication Service Company PJS
89.34.32.0,89.34.63.255,819229/11/05Rightel Communication Service Company PJS
89.34.128.0,89.34.159.255,819229/11/05Rightel Communication Service Company PJS
89.36.48.0,89.36.63.255,409629/11/05Iran Telecommunication Company PJS
89.36.96.0,89.36.111.255,409629/11/05Iran Telecommunication Company PJS
89.36.176.0,89.36.191.255,409629/11/05Iran Telecommunication Company PJS
89.37.0.0,89.37.15.255,409629/11/05Mobin Net Communication Company (Private Joint Stock)
89.37.240.0,89.37.255.255,409629/11/05Iran Telecommunication Company PJS
89.38.80.0,89.38.95.255,409629/11/05Iran Telecommunication Company PJS
89.40.240.0,89.40.255.255,409629/11/05Iran Telecommunication Company PJS
89.41.192.0,89.41.223.255,819229/11/05Rightel Communication Service Company PJS
89.41.224.0,89.41.239.255,409629/11/05Neda Gostar Saba Data Transfer Company Private Joint Stock
89.43.0.0,89.43.15.255,409629/11/05Mobin Net Communication Company (Private Joint Stock)
89.45.48.0,89.45.63.255,409629/11/05Mobin Net Communication Company (Private Joint Stock)
89.47.64.0,89.47.79.255,409629/11/05Rightel Communication Service Company PJS
89.47.128.0,89.47.159.255,819229/11/05Rightel Communication Service Company PJS
89.144.128.0,89.144.191.255,1638427/01/06ANDISHE SABZ KHAZAR CO. P.J.S.
89.165.0.0,89.165.127.255,3276801/03/06Neda Gostar Saba Data Transfer Company Private Joint Stock
89.184.192.0,89.184.223.255,819227/04/10Moasese Gostaresh Etelaat Va Ertebatat Farhangi Neda Rayaneh
89.196.0.0,89.196.255.255,6553606/04/06Mobile Communication Company of Iran PLC
89.198.0.0,89.198.127.255,3276806/04/06Mobile Communication Company of Iran PLC
89.198.128.0,89.198.255.255,3276806/04/06Mobile Communication Company of Iran PLC
89.199.0.0,89.199.255.255,6553606/04/06Mobile Communication Company of Iran PLC
89.219.64.0,89.219.127.255,1638405/07/06Iran Telecommunication Company PJS
89.219.192.0,89.219.255.255,1638405/07/06Iran Telecommunication Company PJS
89.221.80.0,89.221.95.255,409629/09/06Fanava Group
89.235.80.0,89.235.95.255,409630/05/06Asiatech Data Transfer Inc PLC
89.235.96.0,89.235.127.255,819230/05/06Asiatech Data Transfer Inc PLC
91.98.0.0,91.99.255.255,13107211/09/06Pars Online PJS
91.106.64.0,91.106.95.255,819221/06/12PJSC Badr Rayan Jonoob
91.107.128.0,91.107.255.255,3276821/06/12Asiatech Data Transfer Inc PLC
91.108.128.0,91.108.159.255,819215/06/12Rayaneh Gostar Farzanegan Ahwaz Company LTD.
91.133.128.0,91.133.255.255,3276830/10/06Mobin Net Communication Company (Private Joint Stock)
91.147.64.0,91.147.79.255,409627/10/06Asiatech Data Transfer Inc PLC
91.184.64.0,91.184.79.255,409611/10/06Farabord Dadeh Haye Iranian Co.
91.184.80.0,91.184.95.255,409611/10/06DATAK Internet EngineeringInc
91.185.128.0,91.185.159.255,819225/10/06Iran Telecommunication Company PJS
91.186.192.0,91.186.223.255,819210/11/06Raya Sepehr Vira Data Processing Company Ltd.
91.243.160.0,91.243.175.255,409607/08/12
91.250.224.0,91.250.239.255,409614/09/12Asiatech Data Transfer Inc PLC
91.251.0.0,91.251.255.255,6553614/09/12Mobile Communication Company of Iran PLC
92.50.0.0,92.50.63.255,1638417/12/07Shahrad Net Company Ltd.
92.61.176.0,92.61.191.255,409602/01/08Communication and information technology network Arian Rasaneh Pars Ltd.
92.62.176.0,92.62.191.255,409625/01/08Tosee Resan Pasargad Co. P.J.S
92.114.16.0,92.114.31.255,409615/10/07Mobin Net Communication Company (Private Joint Stock)
92.114.64.0,92.114.79.255,409615/10/07Rightel Communication Service Company PJS
92.242.192.0,92.242.223.255,819208/01/08Respina Networks & Beyond PJSC
93.110.0.0,93.110.255.255,6553624/04/08Laser Company Ltd
93.113.224.0,93.113.239.255,409621/12/07Afranet
93.114.16.0,93.114.31.255,409621/12/07Rightel Communication Service Company PJS
93.115.224.0,93.115.239.255,409621/12/07Asiatech Data Transfer Inc PLC
93.117.0.0,93.117.31.255,819221/12/07Iran Telecommunication Company PJS
93.117.32.0,93.117.47.255,409621/12/07Iran Telecommunication Company PJS
93.117.96.0,93.117.127.255,819221/12/07Iran Telecommunication Company PJS
93.117.176.0,93.117.191.255,409621/12/07Mobin Net Communication Company (Private Joint Stock)
93.118.96.0,93.118.127.255,819221/12/07Iran Telecommunication Company PJS
93.118.128.0,93.118.159.255,819221/12/07Iran Telecommunication Company PJS
93.118.160.0,93.118.175.255,409621/12/07Iran Telecommunication Company PJS
93.119.32.0,93.119.63.255,819221/12/07Iran Telecommunication Company PJS
93.119.64.0,93.119.95.255,819221/12/07Iran Telecommunication Company PJS
93.126.0.0,93.126.63.255,1638409/07/08
94.24.0.0,94.24.15.255,409602/06/08Rightel Communication Service Company PJS
94.24.80.0,94.24.95.255,409602/06/08Rightel Communication Service Company PJS
94.74.128.0,94.74.191.255,1638414/07/08Farahoosh Dena
94.101.128.0,94.101.143.255,409615/08/08Mobin Net Communication Company (Private Joint Stock)
94.101.176.0,94.101.191.255,409621/08/08Pardaz Gostar Ertebatat Berelian Limited Liability Company
94.101.240.0,94.101.255.255,409626/08/08Mobin Net Communication Company (Private Joint Stock)
94.139.160.0,94.139.175.255,409626/11/08Farabord Dadeh Haye Iranian Co.
94.139.176.0,94.139.191.255,409626/11/08DATAK Internet EngineeringInc
94.176.16.0,94.176.31.255,409614/08/08Neda Gostar Saba Data Transfer Company Private Joint Stock
94.176.48.0,94.176.63.255,409614/08/08Neda Gostar Saba Data Transfer Company Private Joint Stock
94.176.80.0,94.176.95.255,409614/08/08Neda Gostar Saba Data Transfer Company Private Joint Stock
94.182.0.0,94.183.255.255,13107217/09/08Aria Shatel Company Ltd
94.184.0.0,94.184.127.255,3276811/08/08Institute for Research in Fundamental Sciences
94.184.128.0,94.184.255.255,3276815/07/09Institute for Research in Fundamental Sciences
94.241.128.0,94.241.191.255,1638430/09/08Raya Sepehr Vira Data Processing Company Ltd.
95.38.0.0,95.38.255.255,6553611/12/08Fanava Group
95.64.0.0,95.64.127.255,3276823/10/08Mobile Communication Company of Iran PLC
95.80.128.0,95.80.191.255,1638425/11/08Bozorg Net-e Aria
95.81.64.0,95.81.127.255,1638404/06/09Hamara System Tabriz Engineering Company
95.82.0.0,95.82.63.255,1638408/12/08Shahrad Net Company Ltd.
95.82.64.0,95.82.127.255,1638411/12/08Asiatech Data Transfer Inc PLC
95.142.224.0,95.142.239.255,409611/08/09Armaghan Rahe Talaie
95.162.0.0,95.162.255.255,6553624/12/08Rightel Communication Service Company PJS
109.72.192.0,109.72.207.255,409621/09/09khalij fars Ettela Resan Company J.S.
109.74.224.0,109.74.239.255,409612/11/09Iran Telecommunication Company PJS
109.108.160.0,109.108.191.255,819229/10/09Mobin Net Communication Company (Private Joint Stock)
109.109.32.0,109.109.63.255,819203/11/09ANDISHE SABZ KHAZAR CO. P.J.S.
109.110.160.0,109.110.191.255,819223/11/09Shabdiz Telecom Network JSC
109.111.32.0,109.111.63.255,819224/11/09Behin Saman Gostar Ltd.
109.122.192.0,109.122.223.255,819201/10/09Jahan Ruye Khat
109.122.224.0,109.122.255.255,819201/10/09MIHAN COMMUNICATION SYSTEMS CO.LTD
109.125.128.0,109.125.159.255,819212/11/09Pishgaman Tejarat Sayar Company (Private Joint Stock)
109.125.160.0,109.125.191.255,819212/11/09Pishgaman Toseeh Ertebatat Company (Private Joint Stock)
109.162.128.0,109.162.255.255,3276825/03/10DATAK Internet EngineeringInc
109.201.0.0,109.201.31.255,819211/02/10Tose'h Fanavari Ertebabat Pasargad Arian Co. PJS
109.203.128.0,109.203.159.255,819205/03/10Mobin Net Communication Company (Private Joint Stock)
109.203.160.0,109.203.191.255,819231/03/10Farahoosh Dena
109.225.128.0,109.225.191.255,1638420/01/10Asiatech Data Transfer Inc PLC
109.230.64.0,109.230.127.255,1638417/02/10Boomerang Rayaneh
109.238.176.0,109.238.191.255,409626/01/10khalij fars Ettela Resan Company J.S.
109.239.0.0,109.239.15.255,409629/01/10Mehvar Machine
128.65.160.0,128.65.175.255,409607/10/11Shabakeh Gostar Dorna Cooperative Co.
128.65.176.0,128.65.191.255,409607/10/11Asiatech Data Transfer Inc PLC
128.140.0.0,128.140.127.255,3276810/10/11Bozorg Net-e Aria
130.255.192.0,130.255.255.255,1638431/10/11Mobin Net Communication Company (Private Joint Stock)
151.232.0.0,151.235.255.255,26214413/08/12PJSC Fars Telecommunication Company
151.238.0.0,151.239.255.255,13107215/08/12Aria Shatel Company Ltd
151.240.0.0,151.247.255.255,52428815/08/12Aria Shatel Company Ltd
158.58.0.0,158.58.127.255,3276808/11/11Mobile Communication Company of Iran PLC
159.20.96.0,159.20.111.255,409614/09/11ANDISHE SABZ KHAZAR CO. P.J.S.
164.138.128.0,164.138.191.255,1638419/03/12Mobile Communication Company of Iran PLC
164.215.128.0,164.215.255.255,3276825/11/11Fanava Group
176.12.64.0,176.12.79.255,409618/05/11ANDISHE SABZ KHAZAR CO. P.J.S.
176.46.128.0,176.46.159.255,819225/05/11Farahoosh Dena
176.56.144.0,176.56.159.255,409630/05/11Iranian Information Technology Company PLC
176.65.160.0,176.65.191.255,819210/06/11Asiatech Data Transfer Inc PLC
176.65.192.0,176.65.255.255,1638410/06/11Asiatech Data Transfer Inc PLC
176.67.64.0,176.67.79.255,409610/06/11khalij fars Ettela Resan Company J.S.
176.101.32.0,176.101.47.255,409603/11/11
176.102.224.0,176.102.255.255,819229/11/11
176.112.192.0,176.112.223.255,819226/03/12
176.123.64.0,176.123.127.255,1638427/07/12
176.221.16.0,176.221.31.255,409625/11/11ANDISHE SABZ KHAZAR CO. P.J.S.
178.131.0.0,178.131.255.255,6553617/03/10Mobin Net Communication Company (Private Joint Stock)
178.169.0.0,178.169.31.255,819226/03/10Pars Online PJS
178.173.128.0,178.173.191.255,1638419/04/10Shiraz Hamyar Co.
178.173.192.0,178.173.223.255,819219/04/10Shiraz Hamyar Co.
178.173.224.0,178.173.255.255,819219/04/10Tose Masir Yabi Shabakeh Aria PJSC
178.215.0.0,178.215.63.255,1638428/06/10
178.219.224.0,178.219.239.255,409628/06/10
178.236.32.0,178.236.47.255,409626/05/10Toos-Ashena Pjsc
178.236.96.0,178.236.111.255,409602/06/10Asiatech Data Transfer Inc PLC
178.238.192.0,178.238.207.255,409626/07/10Asiatech Data Transfer Inc PLC
178.239.144.0,178.239.159.255,409631/08/10Toloe Rayaneh Loghman Educational and Cultural Co.
178.252.128.0,178.252.191.255,1638427/05/10GOSTARESH-E-ERTEBATAT-E MABNA COMPANY (Private Joint Stock)
178.253.0.0,178.253.63.255,1638401/06/10Raya Sepehr Vira Data Processing Company Ltd.
188.0.240.0,188.0.255.255,409627/05/11
188.34.0.0,188.34.255.255,6553619/03/09Asre Enteghal Dadeha
188.75.64.0,188.75.127.255,1638424/08/09Tose'h Fanavari Ertebabat Pasargad Arian Co. PJS
188.118.64.0,188.118.127.255,1638422/06/09University of Tehran Informatics Center
188.121.96.0,188.121.127.255,819211/05/09Pardaz Gostar Ertebatat Berelian Limited Liability Company
188.121.128.0,188.121.159.255,819211/05/09TSTonline co.
188.122.96.0,188.122.127.255,819204/01/11Mobin Net Communication Company (Private Joint Stock)
188.126.128.0,188.126.159.255,819223/07/09Communication and information technology network Arian Rasaneh Pars Ltd.
188.136.128.0,188.136.255.255,3276815/05/09Ariana Gostar Spadana (PJSC)
188.158.0.0,188.159.255.255,13107209/06/09Neda Gostar Saba Data Transfer Company Private Joint Stock
188.208.64.0,188.208.95.255,819208/05/09Rightel Communication Service Company PJS
188.208.144.0,188.208.159.255,409608/05/09Rightel Communication Service Company PJS
188.208.160.0,188.208.191.255,819208/05/09Rightel Communication Service Company PJS
188.208.224.0,188.208.255.255,819208/05/09Rightel Communication Service Company PJS
188.209.16.0,188.209.31.255,409608/05/09Iran Telecommunication Company PJS
188.209.32.0,188.209.47.255,409608/05/09Iran Telecommunication Company PJS
188.209.64.0,188.209.79.255,409608/05/09Iran Telecommunication Company PJS
188.209.128.0,188.209.143.255,409608/05/09Didehban Net Company PJS
188.209.160.0,188.209.191.255,819208/05/09
188.209.192.0,188.209.207.255,409608/05/09Mobin Net Communication Company (Private Joint Stock)
188.210.64.0,188.210.79.255,409608/05/09Mobin Net Communication Company (Private Joint Stock)
188.210.96.0,188.210.127.255,819208/05/09Iran Telecommunication Company PJS
188.210.128.0,188.210.191.255,1638408/05/09Iran Telecommunication Company PJS
188.210.192.0,188.210.207.255,409608/05/09Mobin Net Communication Company (Private Joint Stock)
188.211.0.0,188.211.15.255,409608/05/09Mobin Net Communication Company (Private Joint Stock)
188.211.32.0,188.211.63.255,819208/05/09Iran Telecommunication Company PJS
188.211.64.0,188.211.127.255,1638408/05/09Iran Telecommunication Company PJS
188.211.128.0,188.211.159.255,819208/05/09Iran Telecommunication Company PJS
188.211.176.0,188.211.191.255,409608/05/09Iran Telecommunication Company PJS
188.211.192.0,188.211.223.255,819208/05/09Iran Telecommunication Company PJS
188.212.48.0,188.212.63.255,409608/05/09Mobin Net Communication Company (Private Joint Stock)
188.212.64.0,188.212.95.255,819208/05/09Iran Telecommunication Company PJS
188.212.160.0,188.212.191.255,819208/05/09Iran Telecommunication Company PJS
188.212.208.0,188.212.223.255,409608/05/09Iran Telecommunication Company PJS
188.212.224.0,188.212.239.255,409608/05/09Iran Telecommunication Company PJS
188.213.64.0,188.213.79.255,409608/05/09Mobin Net Communication Company (Private Joint Stock)
188.213.96.0,188.213.127.255,819208/05/09Iran Telecommunication Company PJS
188.213.144.0,188.213.159.255,409608/05/09Iran Telecommunication Company PJS
188.213.176.0,188.213.191.255,409608/05/09Iran Telecommunication Company PJS
188.214.64.0,188.214.79.255,409608/05/09Shabakeh Gostar Dorna Cooperative Co.
188.214.160.0,188.214.191.255,819208/05/09Iran Telecommunication Company PJS
188.215.128.0,188.215.143.255,409608/05/09Iran Telecommunication Company PJS
188.215.160.0,188.215.191.255,819208/05/09Iran Telecommunication Company PJS
188.215.192.0,188.215.223.255,819208/05/09Iran Telecommunication Company PJS
188.229.0.0,188.229.127.255,3276829/07/09Mobile Communication Company of Iran PLC
188.245.0.0,188.245.255.255,6553617/01/11Pars Online PJS
188.253.0.0,188.253.31.255,819209/02/11
188.253.32.0,188.253.63.255,819209/02/11Pishgaman Toseeh Ertebatat Company (Private Joint Stock)
188.253.64.0,188.253.95.255,819209/02/11Pishgaman Toseeh Ertebatat Company (Private Joint Stock)
188.253.96.0,188.253.127.255,819209/02/11
193.151.128.0,193.151.159.255,819209/08/12
194.225.0.0,194.225.255.255,6553629/12/95Institute for Research in Fundamental Sciences
195.146.32.0,195.146.63.255,819222/07/97Information Technology Company (ITC)
195.181.0.0,195.181.31.255,819231/01/97Iran Telecommunication Company PJS
195.181.32.0,195.181.63.255,819220/03/97Iran Telecommunication Company PJS
195.181.64.0,195.181.127.255,1638420/03/97Iran Telecommunication Company PJS
212.16.64.0,212.16.95.255,819229/05/08Farhang Azma Communications Company LTD
212.33.192.0,212.33.207.255,409615/07/08Honar Rayaneh Pooya Andisheh PJSC
212.33.208.0,212.33.223.255,409615/07/08Asiatech Data Transfer Inc PLC
212.80.0.0,212.80.31.255,819227/05/09Farhang Azma Communications Company LTD
212.86.64.0,212.86.95.255,819203/06/10Homaye Jahan Nama Ltd.
212.95.128.0,212.95.143.255,409627/04/09Hesabgar Pardaz Gharb Company (Private Joint Stock)
212.95.144.0,212.95.159.255,409627/04/09Hesabgar Pardaz Gharb Company (Private Joint Stock)
212.120.192.0,212.120.223.255,819227/05/08Hamara System Tabriz Engineering Company
213.109.240.0,213.109.255.255,409608/10/09Asiatech Data Transfer Inc PLC
213.147.128.0,213.147.159.255,819215/03/10Tosee Resan Pasargad Co. P.J.S
213.176.0.0,213.176.31.255,819208/10/99Iranian Research Organization for Science & Technology
213.176.32.0,213.176.63.255,819225/07/00Iranian Research Organization for Science & Technology
213.176.64.0,213.176.127.255,1638401/02/00Iranian Research Organization for Science & Technology
213.195.0.0,213.195.31.255,819221/04/09Tose'h Fanavari Ertebabat Pasargad Arian Co. PJS
213.195.32.0,213.195.47.255,409621/04/09Rightel Communication Service Company PJS
213.207.192.0,213.207.207.255,409607/11/02Farabord Dadeh Haye Iranian Co.
213.207.208.0,213.207.223.255,409607/11/02DATAK Internet EngineeringInc
213.207.224.0,213.207.255.255,819207/11/02DATAK Internet EngineeringInc
213.217.32.0,213.217.63.255,819219/02/01Pars Online PJS
213.233.160.0,213.233.191.255,819204/04/03Sharif University Of Technology
217.11.16.0,217.11.31.255,409621/11/02Afranet
217.24.144.0,217.24.159.255,409620/03/03Asiatech Data Transfer Inc PLC
217.25.48.0,217.25.63.255,409624/03/03IRNA
217.60.0.0,217.60.255.255,6553601/11/00Aria Shatel Company Ltd
217.64.144.0,217.64.159.255,409601/04/09Homa Idea Process Co.
217.66.192.0,217.66.207.255,409606/11/00Tose'h Fanavari Ertebabat Pasargad Arian Co. PJS
217.66.208.0,217.66.223.255,409602/02/01Tose'h Fanavari Ertebabat Pasargad Arian Co. PJS
217.77.112.0,217.77.127.255,409610/12/02Iran Telecommunication Company PJS
217.146.208.0,217.146.223.255,409626/04/04Tose'h Fanavari Ertebabat Pasargad Arian Co. PJS
217.170.240.0,217.170.255.255,409601/09/10Petiak System
217.174.16.0,217.174.31.255,409626/03/04National Iranian Oil Company
217.218.0.0,217.219.255.255,13107203/04/01Information Technology Company (ITC)
